{
  "Link" : "/dcapi/configuration/linuxMessageBox/deploy",
  "Template" : {
    "applyAlways" : "boolean",
    "description" : "String",
    "emailDuration" : "int",
    "label" : "String",
    "configType" : "String",
    "noOfRetries" : "int",
    "refreshMinRetry" : "int",
    "platform" : "String",
    "collectionType" : "int",
    "enableLogonStartupMinRetry" : "boolean",
    "logonStartupMinRetry" : "int",
    "configDetails" : "JSONArray",
    "enableEmailNotify" : "boolean",
    "enableRetry" : "boolean",
    "emailEnabledDays" : "int",
    "enableRefreshMinRetry" : "boolean",
    "email" : "String"
  },
  "testCases" : [ {"testDataMeta":{"isValidInput":true},"testData":{"applyAlways":true,"description":"abc","emailDuration":12,"label":"abc","configType":"abc","noOfRetries":12,"refreshMinRetry":12,"platform":"abc","collectionType":12,"enableLogonStartupMinRetry":true,"logonStartupMinRetry":12,"configDetails":["abc",12,true],"enableEmailNotify":true,"enableRetry":true,"emailEnabledDays":12,"enableRefreshMinRetry":true,"email":"abc"}},{"testDataMeta":{"isValidInput":true},"testData":{"applyAlways":true,"description":"abc","emailDuration":12,"label":"abc","configType":"abc","noOfRetries":12,"refreshMinRetry":12,"platform":"abc","collectionType":12,"enableLogonStartupMinRetry":true,"logonStartupMinRetry":12,"configDetails":["abc",12,true],"enableEmailNotify":true,"enableRetry":true,"emailEnabledDays":12,"enableRefreshMinRetry":true,"email":"a d"}},{"testDataMeta":{"isValidInput":true},"testData":{"applyAlways":true,"description":"abc","emailDuration":12,"label":"abc","configType":"abc","noOfRetries":12,"refreshMinRetry":12,"platform":"a d","collectionType":12,"enableLogonStartupMinRetry":true,"logonStartupMinRetry":12,"configDetails":["abc",12,true],"enableEmailNotify":true,"enableRetry":true,"emailEnabledDays":12,"enableRefreshMinRetry":true,"email":"abc"}},{"testDataMeta":{"isValidInput":true},"testData":{"applyAlways":true,"description":"abc","emailDuration":12,"label":"abc","configType":"abc","noOfRetries":12,"refreshMinRetry":12,"platform":"a d","collectionType":12,"enableLogonStartupMinRetry":true,"logonStartupMinRetry":12,"configDetails":["abc",12,true],"enableEmailNotify":true,"enableRetry":true,"emailEnabledDays":12,"enableRefreshMinRetry":true,"email":"a d"}},{"testDataMeta":{"isValidInput":true},"testData":{"applyAlways":true,"description":"abc","emailDuration":12,"label":"abc","configType":"a d","noOfRetries":12,"refreshMinRetry":12,"platform":"abc","collectionType":12,"enableLogonStartupMinRetry":true,"logonStartupMinRetry":12,"configDetails":["abc",12,true],"enableEmailNotify":true,"enableRetry":true,"emailEnabledDays":12,"enableRefreshMinRetry":true,"email":"abc"}},{"testDataMeta":{"isValidInput":true},"testData":{"applyAlways":true,"description":"abc","emailDuration":12,"label":"abc","configType":"a d","noOfRetries":12,"refreshMinRetry":12,"platform":"abc","collectionType":12,"enableLogonStartupMinRetry":true,"logonStartupMinRetry":12,"configDetails":["abc",12,true],"enableEmailNotify":true,"enableRetry":true,"emailEnabledDays":12,"enableRefreshMinRetry":true,"email":"a d"}},{"testDataMeta":{"isValidInput":true},"testData":{"applyAlways":true,"description":"abc","emailDuration":12,"label":"abc","configType":"a d","noOfRetries":12,"refreshMinRetry":12,"platform":"a d","collectionType":12,"enableLogonStartupMinRetry":true,"logonStartupMinRetry":12,"configDetails":["abc",12,true],"enableEmailNotify":true,"enableRetry":true,"emailEnabledDays":12,"enableRefreshMinRetry":true,"email":"abc"}},{"testDataMeta":{"isValidInput":true},"testData":{"applyAlways":true,"description":"abc","emailDuration":12,"label":"abc","configType":"a d","noOfRetries":12,"refreshMinRetry":12,"platform":"a d","collectionType":12,"enableLogonStartupMinRetry":true,"logonStartupMinRetry":12,"configDetails":["abc",12,true],"enableEmailNotify":true,"enableRetry":true,"emailEnabledDays":12,"enableRefreshMinRetry":true,"email":"a d"}},{"testDataMeta":{"isValidInput":true},"testData":{"applyAlways":true,"description":"abc","emailDuration":12,"label":"a d","configType":"abc","noOfRetries":12,"refreshMinRetry":12,"platform":"abc","collectionType":12,"enableLogonStartupMinRetry":true,"logonStartupMinRetry":12,"configDetails":["abc",12,true],"enableEmailNotify":true,"enableRetry":true,"emailEnabledDays":12,"enableRefreshMinRetry":true,"email":"abc"}},{"testDataMeta":{"isValidInput":true},"testData":{"applyAlways":true,"description":"abc","emailDuration":12,"label":"a d","configType":"abc","noOfRetries":12,"refreshMinRetry":12,"platform":"abc","collectionType":12,"enableLogonStartupMinRetry":true,"logonStartupMinRetry":12,"configDetails":["abc",12,true],"enableEmailNotify":true,"enableRetry":true,"emailEnabledDays":12,"enableRefreshMinRetry":true,"email":"a d"}},{"testDataMeta":{"isValidInput":true},"testData":{"applyAlways":true,"description":"abc","emailDuration":12,"label":"a d","configType":"abc","noOfRetries":12,"refreshMinRetry":12,"platform":"a d","collectionType":12,"enableLogonStartupMinRetry":true,"logonStartupMinRetry":12,"configDetails":["abc",12,true],"enableEmailNotify":true,"enableRetry":true,"emailEnabledDays":12,"enableRefreshMinRetry":true,"email":"abc"}},{"testDataMeta":{"isValidInput":true},"testData":{"applyAlways":true,"description":"abc","emailDuration":12,"label":"a d","configType":"abc","noOfRetries":12,"refreshMinRetry":12,"platform":"a d","collectionType":12,"enableLogonStartupMinRetry":true,"logonStartupMinRetry":12,"configDetails":["abc",12,true],"enableEmailNotify":true,"enableRetry":true,"emailEnabledDays":12,"enableRefreshMinRetry":true,"email":"a d"}},{"testDataMeta":{"isValidInput":true},"testData":{"applyAlways":true,"description":"abc","emailDuration":12,"label":"a d","configType":"a d","noOfRetries":12,"refreshMinRetry":12,"platform":"abc","collectionType":12,"enableLogonStartupMinRetry":true,"logonStartupMinRetry":12,"configDetails":["abc",12,true],"enableEmailNotify":true,"enableRetry":true,"emailEnabledDays":12,"enableRefreshMinRetry":true,"email":"abc"}},{"testDataMeta":{"isValidInput":true},"testData":{"applyAlways":true,"description":"abc","emailDuration":12,"label":"a d","configType":"a d","noOfRetries":12,"refreshMinRetry":12,"platform":"abc","collectionType":12,"enableLogonStartupMinRetry":true,"logonStartupMinRetry":12,"configDetails":["abc",12,true],"enableEmailNotify":true,"enableRetry":true,"emailEnabledDays":12,"enableRefreshMinRetry":true,"email":"a d"}},{"testDataMeta":{"isValidInput":true},"testData":{"applyAlways":true,"description":"abc","emailDuration":12,"label":"a d","configType":"a d","noOfRetries":12,"refreshMinRetry":12,"platform":"a d","collectionType":12,"enableLogonStartupMinRetry":true,"logonStartupMinRetry":12,"configDetails":["abc",12,true],"enableEmailNotify":true,"enableRetry":true,"emailEnabledDays":12,"enableRefreshMinRetry":true,"email":"abc"}},{"testDataMeta":{"isValidInput":true},"testData":{"applyAlways":true,"description":"abc","emailDuration":12,"label":"a d","configType":"a d","noOfRetries":12,"refreshMinRetry":12,"platform":"a d","collectionType":12,"enableLogonStartupMinRetry":true,"logonStartupMinRetry":12,"configDetails":["abc",12,true],"enableEmailNotify":true,"enableRetry":true,"emailEnabledDays":12,"enableRefreshMinRetry":true,"email":"a d"}},{"testDataMeta":{"isValidInput":true},"testData":{"applyAlways":true,"description":"a d","emailDuration":12,"label":"abc","configType":"abc","noOfRetries":12,"refreshMinRetry":12,"platform":"abc","collectionType":12,"enableLogonStartupMinRetry":true,"logonStartupMinRetry":12,"configDetails":["abc",12,true],"enableEmailNotify":true,"enableRetry":true,"emailEnabledDays":12,"enableRefreshMinRetry":true,"email":"abc"}},{"testDataMeta":{"isValidInput":true},"testData":{"applyAlways":true,"description":"a d","emailDuration":12,"label":"abc","configType":"abc","noOfRetries":12,"refreshMinRetry":12,"platform":"abc","collectionType":12,"enableLogonStartupMinRetry":true,"logonStartupMinRetry":12,"configDetails":["abc",12,true],"enableEmailNotify":true,"enableRetry":true,"emailEnabledDays":12,"enableRefreshMinRetry":true,"email":"a d"}},{"testDataMeta":{"isValidInput":true},"testData":{"applyAlways":true,"description":"a d","emailDuration":12,"label":"abc","configType":"abc","noOfRetries":12,"refreshMinRetry":12,"platform":"a d","collectionType":12,"enableLogonStartupMinRetry":true,"logonStartupMinRetry":12,"configDetails":["abc",12,true],"enableEmailNotify":true,"enableRetry":true,"emailEnabledDays":12,"enableRefreshMinRetry":true,"email":"abc"}},{"testDataMeta":{"isValidInput":true},"testData":{"applyAlways":true,"description":"a d","emailDuration":12,"label":"abc","configType":"abc","noOfRetries":12,"refreshMinRetry":12,"platform":"a d","collectionType":12,"enableLogonStartupMinRetry":true,"logonStartupMinRetry":12,"configDetails":["abc",12,true],"enableEmailNotify":true,"enableRetry":true,"emailEnabledDays":12,"enableRefreshMinRetry":true,"email":"a d"}},{"testDataMeta":{"isValidInput":true},"testData":{"applyAlways":true,"description":"a d","emailDuration":12,"label":"abc","configType":"a d","noOfRetries":12,"refreshMinRetry":12,"platform":"abc","collectionType":12,"enableLogonStartupMinRetry":true,"logonStartupMinRetry":12,"configDetails":["abc",12,true],"enableEmailNotify":true,"enableRetry":true,"emailEnabledDays":12,"enableRefreshMinRetry":true,"email":"abc"}},{"testDataMeta":{"isValidInput":true},"testData":{"applyAlways":true,"description":"a d","emailDuration":12,"label":"abc","configType":"a d","noOfRetries":12,"refreshMinRetry":12,"platform":"abc","collectionType":12,"enableLogonStartupMinRetry":true,"logonStartupMinRetry":12,"configDetails":["abc",12,true],"enableEmailNotify":true,"enableRetry":true,"emailEnabledDays":12,"enableRefreshMinRetry":true,"email":"a d"}},{"testDataMeta":{"isValidInput":true},"testData":{"applyAlways":true,"description":"a d","emailDuration":12,"label":"abc","configType":"a d","noOfRetries":12,"refreshMinRetry":12,"platform":"a d","collectionType":12,"enableLogonStartupMinRetry":true,"logonStartupMinRetry":12,"configDetails":["abc",12,true],"enableEmailNotify":true,"enableRetry":true,"emailEnabledDays":12,"enableRefreshMinRetry":true,"email":"abc"}},{"testDataMeta":{"isValidInput":true},"testData":{"applyAlways":true,"description":"a d","emailDuration":12,"label":"abc","configType":"a d","noOfRetries":12,"refreshMinRetry":12,"platform":"a d","collectionType":12,"enableLogonStartupMinRetry":true,"logonStartupMinRetry":12,"configDetails":["abc",12,true],"enableEmailNotify":true,"enableRetry":true,"emailEnabledDays":12,"enableRefreshMinRetry":true,"email":"a d"}},{"testDataMeta":{"isValidInput":true},"testData":{"applyAlways":true,"description":"a d","emailDuration":12,"label":"a d","configType":"abc","noOfRetries":12,"refreshMinRetry":12,"platform":"abc","collectionType":12,"enableLogonStartupMinRetry":true,"logonStartupMinRetry":12,"configDetails":["abc",12,true],"enableEmailNotify":true,"enableRetry":true,"emailEnabledDays":12,"enableRefreshMinRetry":true,"email":"abc"}},{"testDataMeta":{"isValidInput":true},"testData":{"applyAlways":true,"description":"a d","emailDuration":12,"label":"a d","configType":"abc","noOfRetries":12,"refreshMinRetry":12,"platform":"abc","collectionType":12,"enableLogonStartupMinRetry":true,"logonStartupMinRetry":12,"configDetails":["abc",12,true],"enableEmailNotify":true,"enableRetry":true,"emailEnabledDays":12,"enableRefreshMinRetry":true,"email":"a d"}},{"testDataMeta":{"isValidInput":true},"testData":{"applyAlways":true,"description":"a d","emailDuration":12,"label":"a d","configType":"abc","noOfRetries":12,"refreshMinRetry":12,"platform":"a d","collectionType":12,"enableLogonStartupMinRetry":true,"logonStartupMinRetry":12,"configDetails":["abc",12,true],"enableEmailNotify":true,"enableRetry":true,"emailEnabledDays":12,"enableRefreshMinRetry":true,"email":"abc"}},{"testDataMeta":{"isValidInput":true},"testData":{"applyAlways":true,"description":"a d","emailDuration":12,"label":"a d","configType":"abc","noOfRetries":12,"refreshMinRetry":12,"platform":"a d","collectionType":12,"enableLogonStartupMinRetry":true,"logonStartupMinRetry":12,"configDetails":["abc",12,true],"enableEmailNotify":true,"enableRetry":true,"emailEnabledDays":12,"enableRefreshMinRetry":true,"email":"a d"}},{"testDataMeta":{"isValidInput":true},"testData":{"applyAlways":true,"description":"a d","emailDuration":12,"label":"a d","configType":"a d","noOfRetries":12,"refreshMinRetry":12,"platform":"abc","collectionType":12,"enableLogonStartupMinRetry":true,"logonStartupMinRetry":12,"configDetails":["abc",12,true],"enableEmailNotify":true,"enableRetry":true,"emailEnabledDays":12,"enableRefreshMinRetry":true,"email":"abc"}},{"testDataMeta":{"isValidInput":true},"testData":{"applyAlways":true,"description":"a d","emailDuration":12,"label":"a d","configType":"a d","noOfRetries":12,"refreshMinRetry":12,"platform":"abc","collectionType":12,"enableLogonStartupMinRetry":true,"logonStartupMinRetry":12,"configDetails":["abc",12,true],"enableEmailNotify":true,"enableRetry":true,"emailEnabledDays":12,"enableRefreshMinRetry":true,"email":"a d"}},{"testDataMeta":{"isValidInput":true},"testData":{"applyAlways":true,"description":"a d","emailDuration":12,"label":"a d","configType":"a d","noOfRetries":12,"refreshMinRetry":12,"platform":"a d","collectionType":12,"enableLogonStartupMinRetry":true,"logonStartupMinRetry":12,"configDetails":["abc",12,true],"enableEmailNotify":true,"enableRetry":true,"emailEnabledDays":12,"enableRefreshMinRetry":true,"email":"abc"}},{"testDataMeta":{"isValidInput":true},"testData":{"applyAlways":true,"description":"a d","emailDuration":12,"label":"a d","configType":"a d","noOfRetries":12,"refreshMinRetry":12,"platform":"a d","collectionType":12,"enableLogonStartupMinRetry":true,"logonStartupMinRetry":12,"configDetails":["abc",12,true],"enableEmailNotify":true,"enableRetry":true,"emailEnabledDays":12,"enableRefreshMinRetry":true,"email":"a d"}},
		{"testDataMeta":{"isValidInput":false,"invalidParameter":"applyAlways"},"testData":{"applyAlways":22,"description":"a d","emailDuration":12,"label":"a d","configType":"a d","noOfRetries":12,"refreshMinRetry":12,"platform":"a d","collectionType":12,"enableLogonStartupMinRetry":true,"logonStartupMinRetry":12,"configDetails":["abc",12,true],"enableEmailNotify":true,"enableRetry":true,"emailEnabledDays":12,"enableRefreshMinRetry":true,"email":"a d"}},{"testDataMeta":{"isValidInput":false,"invalidParameter":"description"},"testData":{"applyAlways":true,"description":12,"emailDuration":12,"label":"a d","configType":"a d","noOfRetries":12,"refreshMinRetry":12,"platform":"a d","collectionType":12,"enableLogonStartupMinRetry":true,"logonStartupMinRetry":12,"configDetails":["abc",12,true],"enableEmailNotify":true,"enableRetry":true,"emailEnabledDays":12,"enableRefreshMinRetry":true,"email":"a d"}},{"testDataMeta":{"isValidInput":false,"invalidParameter":"emailDuration"},"testData":{"applyAlways":true,"description":"a d","emailDuration":true,"label":"a d","configType":"a d","noOfRetries":12,"refreshMinRetry":12,"platform":"a d","collectionType":12,"enableLogonStartupMinRetry":true,"logonStartupMinRetry":12,"configDetails":["abc",12,true],"enableEmailNotify":true,"enableRetry":true,"emailEnabledDays":12,"enableRefreshMinRetry":true,"email":"a d"}},{"testDataMeta":{"isValidInput":false,"invalidParameter":"label"},"testData":{"applyAlways":true,"description":"a d","emailDuration":12,"label":12,"configType":"a d","noOfRetries":12,"refreshMinRetry":12,"platform":"a d","collectionType":12,"enableLogonStartupMinRetry":true,"logonStartupMinRetry":12,"configDetails":["abc",12,true],"enableEmailNotify":true,"enableRetry":true,"emailEnabledDays":12,"enableRefreshMinRetry":true,"email":"a d"}},{"testDataMeta":{"isValidInput":false,"invalidParameter":"configType"},"testData":{"applyAlways":true,"description":"a d","emailDuration":12,"label":"a d","configType":12,"noOfRetries":12,"refreshMinRetry":12,"platform":"a d","collectionType":12,"enableLogonStartupMinRetry":true,"logonStartupMinRetry":12,"configDetails":["abc",12,true],"enableEmailNotify":true,"enableRetry":true,"emailEnabledDays":12,"enableRefreshMinRetry":true,"email":"a d"}},{"testDataMeta":{"isValidInput":false,"invalidParameter":"noOfRetries"},"testData":{"applyAlways":true,"description":"a d","emailDuration":12,"label":"a d","configType":"a d","noOfRetries":true,"refreshMinRetry":12,"platform":"a d","collectionType":12,"enableLogonStartupMinRetry":true,"logonStartupMinRetry":12,"configDetails":["abc",12,true],"enableEmailNotify":true,"enableRetry":true,"emailEnabledDays":12,"enableRefreshMinRetry":true,"email":"a d"}},{"testDataMeta":{"isValidInput":false,"invalidParameter":"refreshMinRetry"},"testData":{"applyAlways":true,"description":"a d","emailDuration":12,"label":"a d","configType":"a d","noOfRetries":12,"refreshMinRetry":true,"platform":"a d","collectionType":12,"enableLogonStartupMinRetry":true,"logonStartupMinRetry":12,"configDetails":["abc",12,true],"enableEmailNotify":true,"enableRetry":true,"emailEnabledDays":12,"enableRefreshMinRetry":true,"email":"a d"}},{"testDataMeta":{"isValidInput":false,"invalidParameter":"platform"},"testData":{"applyAlways":true,"description":"a d","emailDuration":12,"label":"a d","configType":"a d","noOfRetries":12,"refreshMinRetry":12,"platform":12,"collectionType":12,"enableLogonStartupMinRetry":true,"logonStartupMinRetry":12,"configDetails":["abc",12,true],"enableEmailNotify":true,"enableRetry":true,"emailEnabledDays":12,"enableRefreshMinRetry":true,"email":"a d"}},{"testDataMeta":{"isValidInput":false,"invalidParameter":"collectionType"},"testData":{"applyAlways":true,"description":"a d","emailDuration":12,"label":"a d","configType":"a d","noOfRetries":12,"refreshMinRetry":12,"platform":"a d","collectionType":true,"enableLogonStartupMinRetry":true,"logonStartupMinRetry":12,"configDetails":["abc",12,true],"enableEmailNotify":true,"enableRetry":true,"emailEnabledDays":12,"enableRefreshMinRetry":true,"email":"a d"}},{"testDataMeta":{"isValidInput":false,"invalidParameter":"enableLogonStartupMinRetry"},"testData":{"applyAlways":true,"description":"a d","emailDuration":12,"label":"a d","configType":"a d","noOfRetries":12,"refreshMinRetry":12,"platform":"a d","collectionType":12,"enableLogonStartupMinRetry":22,"logonStartupMinRetry":12,"configDetails":["abc",12,true],"enableEmailNotify":true,"enableRetry":true,"emailEnabledDays":12,"enableRefreshMinRetry":true,"email":"a d"}},{"testDataMeta":{"isValidInput":false,"invalidParameter":"logonStartupMinRetry"},"testData":{"applyAlways":true,"description":"a d","emailDuration":12,"label":"a d","configType":"a d","noOfRetries":12,"refreshMinRetry":12,"platform":"a d","collectionType":12,"enableLogonStartupMinRetry":true,"logonStartupMinRetry":true,"configDetails":["abc",12,true],"enableEmailNotify":true,"enableRetry":true,"emailEnabledDays":12,"enableRefreshMinRetry":true,"email":"a d"}},{"testDataMeta":{"isValidInput":false,"invalidParameter":"configDetails"},"testData":{"applyAlways":true,"description":"a d","emailDuration":12,"label":"a d","configType":"a d","noOfRetries":12,"refreshMinRetry":12,"platform":"a d","collectionType":12,"enableLogonStartupMinRetry":true,"logonStartupMinRetry":12,"configDetails":123,"enableEmailNotify":true,"enableRetry":true,"emailEnabledDays":12,"enableRefreshMinRetry":true,"email":"a d"}},{"testDataMeta":{"isValidInput":false,"invalidParameter":"enableEmailNotify"},"testData":{"applyAlways":true,"description":"a d","emailDuration":12,"label":"a d","configType":"a d","noOfRetries":12,"refreshMinRetry":12,"platform":"a d","collectionType":12,"enableLogonStartupMinRetry":true,"logonStartupMinRetry":12,"configDetails":["abc",12,true],"enableEmailNotify":22,"enableRetry":true,"emailEnabledDays":12,"enableRefreshMinRetry":true,"email":"a d"}},{"testDataMeta":{"isValidInput":false,"invalidParameter":"enableRetry"},"testData":{"applyAlways":true,"description":"a d","emailDuration":12,"label":"a d","configType":"a d","noOfRetries":12,"refreshMinRetry":12,"platform":"a d","collectionType":12,"enableLogonStartupMinRetry":true,"logonStartupMinRetry":12,"configDetails":["abc",12,true],"enableEmailNotify":true,"enableRetry":22,"emailEnabledDays":12,"enableRefreshMinRetry":true,"email":"a d"}},{"testDataMeta":{"isValidInput":false,"invalidParameter":"emailEnabledDays"},"testData":{"applyAlways":true,"description":"a d","emailDuration":12,"label":"a d","configType":"a d","noOfRetries":12,"refreshMinRetry":12,"platform":"a d","collectionType":12,"enableLogonStartupMinRetry":true,"logonStartupMinRetry":12,"configDetails":["abc",12,true],"enableEmailNotify":true,"enableRetry":true,"emailEnabledDays":true,"enableRefreshMinRetry":true,"email":"a d"}},{"testDataMeta":{"isValidInput":false,"invalidParameter":"enableRefreshMinRetry"},"testData":{"applyAlways":true,"description":"a d","emailDuration":12,"label":"a d","configType":"a d","noOfRetries":12,"refreshMinRetry":12,"platform":"a d","collectionType":12,"enableLogonStartupMinRetry":true,"logonStartupMinRetry":12,"configDetails":["abc",12,true],"enableEmailNotify":true,"enableRetry":true,"emailEnabledDays":12,"enableRefreshMinRetry":22,"email":"a d"}},{"testDataMeta":{"isValidInput":false,"invalidParameter":"email"},"testData":{"applyAlways":true,"description":"a d","emailDuration":12,"label":"a d","configType":"a d","noOfRetries":12,"refreshMinRetry":12,"platform":"a d","collectionType":12,"enableLogonStartupMinRetry":true,"logonStartupMinRetry":12,"configDetails":["abc",12,true],"enableEmailNotify":true,"enableRetry":true,"emailEnabledDays":12,"enableRefreshMinRetry":true,"email":12}}]
}